email,project_name,dataset_name
jun.lee17@protonmail.com,Research on National Trends,18-excel-spreadsheets-by-species-and-year-giving-reproduction-and-growth-data-one-excel-sp
logan.williams1@gmail.com,Assessment of Public Data,2011-12-gifted-and-talented-enrollment-estimations-615ac
aiden.jones77@yahoo.com,Visualization of Regional Statistics,2013-14-discipline-estimations-by-discipline-type-48c7b
aiden.tanaka24@yahoo.com,Visualization of Government Records,2013-14-discipline-estimations-by-discipline-type-48c7b
raj.patel12@protonmail.com,Visualization of Education Stats,2013-14-discipline-estimations-by-discipline-type-48c7b
ali.jackson94@gmail.com,Forecasting Regional Statistics,2015-16-discipline-estimations-by-discipline-type-850c7
ava.taylor37@gmail.com,Investigation into Government Records,2015-16-harassment-or-bullying-estimations-by-basis-category-21514
sofia.williams99@protonmail.com,Benchmarking National Trends,2015-16-preschool-enrollment-estimations-4cb7c
aiden.kowalski16@yahoo.com,Tracking Education Stats,2016-yellow-taxi-trip-data-dfc77
jackson.taylor87@gmail.com,ML Pipeline for Economic Indicators,2018-2019-noaa-ngs-4-band-ortho-rectified-mosaic-of-chesapeake-bay-wilson-to-airedele-md1
sofia.smith28@icloud.com,Dashboard for Energy Metrics,2019-california-water-quality-status-report
emma.ali54@gmail.com,Analysis of Regional Statistics,2019-noaa-ngs-4-band-ortho-rectified-mosaic-of-chesapeake-bay-gwynn-to-newport-news-va1
jackson.davis60@hotmail.com,Visualization of Census Info,2020-cartographic-boundary-file-shp-2020-zip-code-tabulation-areas-for-united-states-1-500000
mason.singh73@yahoo.com,Dashboard for Regional Statistics,2021-final-assisted-reproductive-technology-art-success-rates
mason.taylor21@yahoo.com,Audit of Field Data,2021-health-misinformation-dataset
ali.hassan60@protonmail.com,Exploration of Transportation Data,2023-county-business-patterns
zoe.smith85@gmail.com,Tracking Public Data,2023-traffic-volume
aiden.kowalski16@yahoo.com,Survey using Environmental Data,2024-cartographic-boundary-file-kml-county-and-equivalent-for-united-states-1-500000
ava.taylor86@hotmail.com,Tracking Census Info,2025-aerial-imagery
fatima.nkosi32@protonmail.com,Report on Regional Statistics,911-performance-dashboard-beta
mason.singh73@yahoo.com,Prediction Model for Education Stats,abandoned-plan-search-database-422f4
amara.kowalski26@gmail.com,Forecasting Health Records,access-to-archival-databases-aad
emma.taylor39@gmail.com,Exploration of Health Records,accessgudid-1f586
mei.park33@outlook.com,Survey using Open Datasets,accountable-care-organization-participants-4940d
fatima.chen80@gmail.com,Study of Education Stats,acs-1-year-subject-tables-f29fe
mia.thomas17@icloud.com,Analysis of Census Info,acs-1-year-subject-tables-f29fe
ali.jackson94@gmail.com,Benchmarking Regional Statistics,adult-depression-lghc-indicator-627e3
emma.dubois78@yahoo.com,Exploration of Energy Metrics,adult-jail-booking-november-1-2019-to-october-31-2020-as-of-november-6-2020
jun.lee17@protonmail.com,Survey using Government Records,aerial-photography-download-orthophoto-2012
ava.anderson19@protonmail.com,ML Pipeline for Field Data,aerial-photography-orthophoto-2015
ethan.williams60@icloud.com,Study of Energy Metrics,aerial-photography-orthophoto-2021
aiden.white96@outlook.com,Benchmarking Open Datasets,aff-aircraft-fleet-age-by-carrier
ava.anderson19@protonmail.com,Survey using Government Records,aff-average-air-fare-by-carrier
zoe.reyes37@hotmail.com,Analysis of Federal Sources,aff-average-air-fare-by-carrier
mei.ali9@icloud.com,Assessment of Education Stats,air-passenger-traffic-per-month-port-authority-of-ny-nj-beginning-1977
tariq.taylor1@yahoo.com,Dashboard for Government Records,air-quality-system-aqs-monitoring-network-epa-oar-oaqps8
chloe.petrov45@icloud.com,Investigation into Public Data,air-traffic-passenger-statistics
ava.taylor86@hotmail.com,Tracking Census Info,airborne-lidar-survey-of-st-vincent-eastern-caribbean-following-the-2020-21-eruption-of-la-7d426
zoe.reyes37@hotmail.com,Assessment of Economic Indicators,airfoil-computational-fluid-dynamics-2k-shapes-25-aoas-3-re-numbers
aiden.park43@icloud.com,Mapping National Trends,airport-runway-and-taxiway
jun.lee17@protonmail.com,Mapping Open Datasets,ais-vessel-tracks-2024
liam.rossi65@hotmail.com,Benchmarking National Trends,all-cause-unplanned-30-day-hospital-readmission-rate-california-lghc-indicator-a686b
aiden.jones77@yahoo.com,Clustering Climate Records,allegheny-county-mortgage-foreclosure-records
nina.thomas44@yahoo.com,Survey using Public Data,alternative-fuels-data-center-884ca
mateo.brown98@outlook.com,Audit of National Trends,an-ocean-observing-system-for-large-scale-monitoring-and-mapping-of-noise-throughout-the-stellw
raj.reyes25@gmail.com,Analysis of Open Datasets,annual-distribution-and-production-of-oil-and-gas-wells-by-state-from-1919-latest-year-ava
ivan.dubois86@gmail.com,Benchmarking Federal Sources,annual-land-use-and-urban-land-cover-ethiopia-nigeria-and-south-africa-2016-2020-5ab8c
jun.ali93@protonmail.com,Prediction Model for Energy Metrics,archives-gov
amara.nkosi17@icloud.com,Tracking Energy Metrics,atlas-of-rural-and-small-town-america
sofia.okonkwo99@icloud.com,Visualization of Regional Statistics,baby-names-from-social-security-card-applications-state-and-district-of-columbia-data
emma.dubois78@yahoo.com,Exploration of Regional Statistics,baton-rouge-traffic-crash-incidents-c1a90
ali.hassan60@protonmail.com,Classification of Government Records,bighorn-lake-yellowtail-dam-and-powerplant-daily-lake-reservoir-release-spillway-cfs-time-
sofia.garcia21@hotmail.com,Investigation into Climate Records,bighorn-lake-yellowtail-dam-and-powerplant-daily-lake-reservoir-release-spillway-cfs-time-
emma.dubois78@yahoo.com,Modeling Government Records,bighorn-river-and-bia-canal-near-st-xavier-daily-lake-reservoir-storage-af-time-series-dat
ava.anderson19@protonmail.com,Report on Transportation Data,body-worn-camera-resources
chloe.ahmed45@outlook.com,Mapping Environmental Data,books-all
mason.singh73@yahoo.com,Prediction Model for Education Stats,bug-bytes-sound-library-stored-product-insect-pest-sounds-bcc88
jun.lee17@protonmail.com,Survey using Transportation Data,business-licenses
aiden.kowalski16@yahoo.com,Tracking Education Stats,c-mapss-aircraft-engine-simulator-data
ava.anderson19@protonmail.com,Survey using Climate Records,california-adults-who-met-physical-activity-guidelines-for-americans-2013-179c8
nina.thomas44@yahoo.com,Survey using Public Data,californias-national-electric-vehicle-infrastructure-funding-program-map
sofia.smith28@icloud.com,Analysis of Public Data,californias-national-electric-vehicle-infrastructure-funding-program-map
tariq.taylor1@yahoo.com,Tracking Education Stats,cancer-incidence-surveillance-epidemiology-and-end-results-seer-registries-limited-use
wei.muller27@outlook.com,Report on Transportation Data,cardsim-a-bayesian-simulator-for-payment-card-fraud-detection-research
ava.taylor37@gmail.com,Benchmarking Transportation Data,catalog-of-united-states-government-publications
isabella.johnson75@protonmail.com,Visualization of Economic Indicators,cause-of-loss-historical-files
zoe.reyes37@hotmail.com,Analysis of Regional Statistics,cdc-behavioral-risk-factor-surveillance-system-brfss
mohamed.singh34@protonmail.com,Mapping Open Datasets,cdc-wastewater-data-for-influenza-a
oliver.dubois74@protonmail.com,Clustering Environmental Data,cdc-wastewater-data-for-influenza-a
sofia.okonkwo99@icloud.com,ML Pipeline for National Trends,cdc-wonder-daily-air-temperatures-and-heat-index
leila.tanaka82@hotmail.com,Investigation into Energy Metrics,cdc-wonder-mortality-multiple-cause-of-death
leila.tanaka82@hotmail.com,Investigation into Field Data,cdc-wonder-mortality-multiple-cause-of-death
ava.anderson19@protonmail.com,Visualization of Public Data,census-block-groups-in-2020
mateo.diallo28@outlook.com,Visualization of Energy Metrics,census-tracts
isabella.hassan9@protonmail.com,Benchmarking Education Stats,childhood-maltreatment-trauma-and-abuse-and-adolescent-delinquency-united-states-1994-2008-01718
ali.jackson94@gmail.com,Benchmarking Regional Statistics,china-dimensions-data-collection-china-administrative-regions-gis-data-1-1m-county-level-1
logan.williams1@gmail.com,Modeling Public Data,china-dimensions-data-collection-china-administrative-regions-gis-data-1-1m-county-level-1
diego.lee49@outlook.com,Survey using Open Datasets,china-dimensions-data-collection-china-county-level-data-on-population-census-and-agricult
raj.reyes25@gmail.com,Analysis of Open Datasets,chronic-wasting-disease-distribution-in-the-united-states-by-state-and-county-ver-3-0-june-48767
leila.davis31@outlook.com,Benchmarking Education Stats,citi-bike-system-data
aiden.martin91@outlook.com,Investigation into Energy Metrics,civil-rights-data-collection-2011-12-53eb4
raj.reyes25@gmail.com,Prediction Model for Government Records,civil-rights-data-collection-crdc-for-the-2017-18-school-year
raj.patel12@protonmail.com,Tracking Transportation Data,clean-air-markets-allowances-query-wizard
sofia.white98@hotmail.com,Assessment of Open Datasets,clean-air-markets-allowances-query-wizard
diego.diallo82@gmail.com,Study of Economic Indicators,cmaq-cracmm2-predictions-for-summer-2019-in-los-angeles-ca-v1
raj.patel12@protonmail.com,Investigation into Health Records,combase-a-web-resource-for-quantitative-and-predictive-food-microbiology-d652f
sofia.garcia21@hotmail.com,Classification of Government Records,combined-gps-broadcast-ephemeris-data-30-second-sampling-hourly-files-from-nasa-cddis
ava.anderson19@protonmail.com,Visualization of Public Data,commercial-reference-building-large-hotel-581c3
sofia.okonkwo99@icloud.com,ML Pipeline for National Trends,common-core-of-data-nonfiscal-survey-2013-14-6c8e1
leila.davis31@outlook.com,Modeling Transportation Data,compilation-of-geospatial-data-gis-for-the-mineral-industries-and-related-infrastructure-o-8e656
jun.wilson34@yahoo.com,Benchmarking Health Records,computational-photography-project-for-pill-identification-c3pi-82201
aiden.kowalski16@yahoo.com,Report on National Trends,conditions-contributing-to-deaths-involving-coronavirus-disease-2019-covid-19-by-age-group
aiden.park43@icloud.com,Mapping National Trends,congressional-districts5
aiden.tanaka24@yahoo.com,Visualization of Government Records,consolidated-financial-statements-for-bank-holding-companies-parent-company-only-financial
amara.nkosi17@icloud.com,Forecasting Transportation Data,consumer-airfare-report-table-1a-all-u-s-airport-pair-markets
amara.nkosi17@icloud.com,Tracking Energy Metrics,consumer-airfare-report-table-5-detailed-fare-information-for-highest-and-lowest-fare-mark
amara.nkosi17@icloud.com,Visualization of Environmental Data,consumption-based-emissions-inventory-summaries-for-selected-u-s-states-2012-2019
zoe.smith85@gmail.com,ML Pipeline for Government Records,consumption-based-emissions-inventory-summaries-for-selected-u-s-states-2012-2019
sofia.tanaka97@outlook.com,Audit of Energy Metrics,cool-it-nyc-2020-drinking-fountains
mia.jackson30@gmail.com,Classification of Regional Statistics,core-based-statistical-areas1
chloe.petrov45@icloud.com,Investigation into Public Data,corporate-data-warehouse-cdw
wei.muller27@outlook.com,Report on Transportation Data,corporate-registration-6459e
ali.jackson94@gmail.com,Forecasting Regional Statistics,corporations-and-other-entities-all-filings-name-status-history
ali.hassan60@protonmail.com,Exploration of Transportation Data,covid-19-reported-patient-impact-and-hospital-capacity-by-facility-32d8f
amara.jackson42@icloud.com,ML Pipeline for Census Info,covid-19-reported-patient-impact-and-hospital-capacity-by-facility-32d8f
isabella.martinez76@icloud.com,Research on National Trends,crash-data
mei.park33@outlook.com,Clustering Transportation Data,crash-data
logan.walker67@outlook.com,Report on Climate Records,crashes-in-dc
aiden.white96@outlook.com,Benchmarking Open Datasets,credit-card-agreements-database
mia.wilson12@gmail.com,Study of Transportation Data,crime
ali.park89@hotmail.com,Benchmarking Regional Statistics,crime-data-from-2010-to-2019
aiden.white96@outlook.com,Benchmarking Open Datasets,crime-incidents-in-2025
amara.kowalski26@gmail.com,Research on Government Records,crimes-one-year-prior-to-present
mia.dubois81@icloud.com,Mapping Health Records,crowdfunding-offerings-data-sets-archive
aiden.tanaka24@yahoo.com,Modeling Census Info,crude-oil-analysis-coa-database-510c1
zoe.moreno11@outlook.com,Modeling Federal Sources,crude-oil-analysis-coa-database-510c1
emma.ali54@gmail.com,Modeling Open Datasets,cta-ridership-bus-routes-monthly-day-type-averages-totals
emma.taylor39@gmail.com,Assessment of Health Records,current-and-resolved-drug-shortages-and-discontinuations-reported-to-fda
leila.kim48@icloud.com,Forecasting National Trends,current-ocm-licenses
fatima.nkosi32@protonmail.com,Report on Regional Statistics,current-population-survey-arts-benchmarking-supplement
mason.taylor21@yahoo.com,Audit of Field Data,data-from-emerald-ash-borer-biocontrol-in-ash-saplings-the-potential-for-early-stage-recov-1fe20
chloe.ahmed45@outlook.com,Mapping Environmental Data,data-gov-ckan-api
jackson.davis60@hotmail.com,Visualization of Census Info,data-hrsa-gov-hrsa-data-warehouse
ali.jackson94@gmail.com,Benchmarking Regional Statistics,dc-crime-cards
ali.martinez38@yahoo.com,Tracking Federal Sources,dc-office-of-tax-and-revenue-real-property-assessment-map-app
ali.park89@hotmail.com,Exploration of Education Stats,dc-office-of-tax-and-revenue-real-property-assessment-map-app
jackson.taylor87@gmail.com,Tracking Environmental Data,dc-office-of-tax-and-revenue-real-property-assessment-map-app
aiden.tanaka24@yahoo.com,Modeling Census Info,decennial-census-demographic-profile
ava.anderson19@protonmail.com,Report on Transportation Data,declassified-satellite-imagery-2-2002
ava.taylor37@gmail.com,Classification of Regional Statistics,declassified-satellite-imagery-2-2002
leila.kim48@icloud.com,Investigation into Environmental Data,diabetes
emma.dubois78@yahoo.com,Exploration of Energy Metrics,diabetes-state-burden-toolkit-health-burden
jackson.white69@icloud.com,Report on National Trends,diagnostic-and-treatment-characteristics-of-polycystic-ovary-syndrome-descriptive-measurem
emma.ali54@gmail.com,Report on Field Data,distribution-of-federal-pell-grant-program-funds-by-institution-and-award-year-9af28
zoe.reyes37@hotmail.com,Classification of National Trends,dogruns-20190417
aiden.jones77@yahoo.com,Dashboard for Field Data,download-data-file-dd639
ivan.nkosi21@icloud.com,Clustering Federal Sources,driver-licenses-and-id-cards-transferred-to-washington
aiden.tanaka24@yahoo.com,Assessment of Public Data,drug-establishments-current-registration-site
emma.taylor39@gmail.com,Exploration of Health Records,drug-establishments-current-registration-site
isabella.hassan9@protonmail.com,Dashboard for Climate Records,drug-overdose-death-rates-by-drug-type-sex-age-race-and-hispanic-origin-united-states-3f72f
fatima.chen80@gmail.com,Audit of Public Data,dynamically-downscaled-hourly-future-weather-data-with-12-km-resolution-covering-most-of-n
isabella.dubois47@hotmail.com,Report on Energy Metrics,easy-access-to-state-and-county-juvenile-court-case-counts
leila.kim48@icloud.com,Clustering Federal Sources,electric-substations
emma.taylor39@gmail.com,Clustering Open Datasets,electric-utility-service-territories-polygon
amara.kowalski26@gmail.com,Report on Federal Sources,electric-vehicle-ev-charging-data-municipal-lots-and-garages
ali.jackson94@gmail.com,Classification of Energy Metrics,electronic-labor-organization-reporting-system-elors-186af
ava.anderson36@outlook.com,Investigation into Economic Indicators,elevator-individual-licenses-new-york-state-department-of-labor
aiden.kowalski16@yahoo.com,Survey using Environmental Data,emergency-department-volume-and-capacity
ali.jackson94@gmail.com,Benchmarking Regional Statistics,employers-of-national-service
mei.park33@outlook.com,Clustering Transportation Data,emsi-dataset
leila.kim48@icloud.com,Forecasting National Trends,enforcement-and-compliance-history-online-echo-facilities8
logan.lopez1@outlook.com,Assessment of Transportation Data,enviroatlas-303d-impairments-by-12-digit-huc-for-the-conterminous-united-states3
ali.park89@hotmail.com,Research on Economic Indicators,enviroatlas-broiler-chicken-operations-by-county7
amara.jackson42@icloud.com,Assessment of Energy Metrics,enviroatlas-cyanobacteria-index-for-the-continental-united-states3
mei.park33@outlook.com,Mapping Public Data,enviroatlas-new-york-ny-estimated-percent-tree-cover-along-walkable-roads3
fatima.moreno57@protonmail.com,Mapping Economic Indicators,enviroatlas-public-outdoor-recreational-area-per-capita-within-walking-distance-for-the-co
tariq.walker98@gmail.com,ML Pipeline for Health Records,epa-facility-registry-service-frs-rmp6
tariq.taylor1@yahoo.com,Tracking Education Stats,estimates-of-emergency-department-visits-in-the-united-states-from-2016-2019-faa2a
ali.jackson94@gmail.com,Exploration of Economic Indicators,etopo5-global-surface-relief
lucas.williams54@hotmail.com,Survey using Field Data,eyes-on-the-solar-system
isabella.martinez76@icloud.com,Research on National Trends,fair-lending-data
raj.ahmed52@yahoo.com,Research on Federal Sources,farmers-markets-and-farm-stands-2026
jun.ali93@protonmail.com,Exploration of Climate Records,farmers-markets-directory-and-geographic-data
mateo.diallo28@outlook.com,Research on Field Data,fatality-analysis-reporting-system-fars-2022-accidents2
james.martin19@icloud.com,Exploration of Education Stats,fatality-analysis-reporting-system-fars-2022-person-auxiliary-file2
mateo.diallo28@outlook.com,Clustering Transportation Data,fatality-analysis-reporting-system-fars-2023-person-auxiliary-file
zoe.smith85@gmail.com,ML Pipeline for Government Records,fdic-bankfind-suite-api
aiden.park43@icloud.com,Study of Regional Statistics,feb-2015-current-population-survey-arts-benchmarking-survey-supplement
isabella.dubois47@hotmail.com,Investigation into Open Datasets,federal-criminal-case-processing-statistics
ava.taylor37@gmail.com,Investigation into Government Records,federal-item-identification-guide-fiig
leila.davis31@outlook.com,Classification of Education Stats,federal-student-loan-portfolio-2e077
isabella.dubois47@hotmail.com,Investigation into Open Datasets,federally-qualified-health-center-enrollments
ava.taylor86@hotmail.com,Audit of Public Data,fha-approved-appraisers
aiden.tanaka24@yahoo.com,Assessment of Public Data,fima-nfip-redacted-claims-openfema
leila.kim48@icloud.com,Forecasting National Trends,financial-statement-data-sets
amara.nkosi17@icloud.com,Visualization of Environmental Data,find-shortage-areas-hpsa-mua-p-by-address
diego.diallo82@gmail.com,Assessment of Field Data,findmap-a8802
aiden.white96@outlook.com,Investigation into Federal Sources,fire-stations-67886
mia.jackson30@gmail.com,Investigation into National Trends,food-access-research-atlas
lucas.williams54@hotmail.com,Research on Open Datasets,food-availability-per-capita-data-system
leila.davis31@outlook.com,Benchmarking Education Stats,food-dollar-series
amara.lopez98@yahoo.com,Analysis of National Trends,food-environment-atlas
sofia.white98@hotmail.com,Assessment of Open Datasets,food-expenditure-series
mateo.diallo28@outlook.com,Research on Field Data,food-inspections
sofia.garcia21@hotmail.com,Classification of Government Records,freight-rail-traffic-carloads
carlos.wilson74@yahoo.com,Research on Census Info,fuel-economy-label-and-cafe-data
logan.walker67@outlook.com,Analysis of Energy Metrics,fuel-economy-label-and-cafe-data
sofia.garcia21@hotmail.com,Classification of Government Records,geologic-basin-boundaries-basins_ghgrp-gis-layer9
jackson.white69@icloud.com,Report on National Trends,glacier-photograph-collection-version-1-bce03
emma.taylor39@gmail.com,Tracking National Trends,global-agricultural-trade-system
sofia.smith28@icloud.com,Dashboard for Energy Metrics,global-coral-bleaching-database-ncei-accession-0228498
ali.martinez38@yahoo.com,Mapping Health Records,global-forecast-system-gfs-1-0-degree
amara.kowalski26@gmail.com,Exploration of Open Datasets,global-forecast-system-gfs-1-0-degree
amara.jackson42@icloud.com,Mapping Economic Indicators,global-landslide-catalog-export
ethan.tanaka98@yahoo.com,Research on Economic Indicators,greater-yellowstone-area-landscape-dynamics-raster-data-012dd
amara.jackson42@icloud.com,ML Pipeline for Census Info,grocery-store-locations
ali.martinez38@yahoo.com,Forecasting Climate Records,grocery-stores-fb200
ali.park89@hotmail.com,Research on Economic Indicators,ground-water-water-quality-results
jackson.white69@icloud.com,Exploration of Regional Statistics,hate-crime-statistics-2004
jackson.davis60@hotmail.com,Report on National Trends,health-inspection-scores-2023-present
mason.patel84@yahoo.com,Exploration of Open Datasets,heart-disease-mortality-data-among-us-adults-35-by-state-territory-and-county-2018-2020-3a2b0
sofia.tanaka97@outlook.com,Analysis of Public Data,heart-disease-mortality-data-among-us-adults-35-by-state-territory-and-county-2018-2020-3a2b0
jun.lee17@protonmail.com,Mapping Open Datasets,heart-disease-mortality-data-among-us-adults-35-by-state-territory-and-county-2021-2023
amara.kowalski26@gmail.com,Report on Federal Sources,hma-subapplications-f2da7
zoe.smith85@gmail.com,Analysis of Regional Statistics,hma-subapplications-f2da7
jackson.white69@icloud.com,Exploration of Regional Statistics,home-health-agencies-hospice-annual-utilization-report-complete-data-set-72c95
diego.williams8@outlook.com,ML Pipeline for Environmental Data,horizons
mia.thomas17@icloud.com,Survey using Climate Records,hospital-annual-financial-disclosure-report-complete-data-set-ee650
mia.walker14@protonmail.com,Investigation into Health Records,hospitalization-discharge-rates-49dd7
ava.taylor37@gmail.com,Classification of Regional Statistics,hotels
logan.williams1@gmail.com,Modeling Public Data,hourly-energy-emission-factors-for-electricity-generation-in-the-united-states-00ec8
zoe.reyes37@hotmail.com,Clustering Education Stats,household-size-by-vehicles-available1
chloe.ahmed45@outlook.com,Survey using Government Records,housing-affordability-data-system-hads
raj.reyes25@gmail.com,Analysis of Open Datasets,housing-market-value-analysis-allegheny-county-economic-development
aiden.park43@icloud.com,Study of Regional Statistics,html-files
mia.thomas17@icloud.com,Analysis of Census Info,humboldt-bay-orthoimages2
mia.walker14@protonmail.com,Investigation into Health Records,idea-section-618-state-level-data-files-8d044
jun.lee17@protonmail.com,Mapping Open Datasets,ihs-facility-locator
sofia.garcia21@hotmail.com,Audit of Education Stats,images-bscw
wei.muller27@outlook.com,Report on Transportation Data,ims-bearings
lucas.williams54@hotmail.com,Research on Open Datasets,in-service-alarm-box-locations
aiden.jones77@yahoo.com,Visualization of Regional Statistics,index-layers-for-high-resolution-orthorectified-imagery-from-2003-for-the-coastal-areas-of
mei.park33@outlook.com,Clustering Transportation Data,indicators-of-anxiety-or-depression-based-on-reported-frequency-of-symptoms-during-last-7-
fatima.chen80@gmail.com,Study of Transportation Data,influenza-vaccination-coverage-for-all-ages-6-months-bbec0
mia.jackson30@gmail.com,Exploration of Health Records,integrated-compliance-information-system-icis
mei.ali9@icloud.com,Assessment of Education Stats,interest-rate-statistics-daily-treasury-yield-curve-rates
isabella.martinez76@icloud.com,Dashboard for National Trends,investigations-database-system
ava.taylor37@gmail.com,Investigation into Government Records,iowa-liquor-products
mason.taylor21@yahoo.com,Audit of Field Data,jefferson-county-ky-aerial-photography-2022-ftp
sofia.garcia21@hotmail.com,Classification of Government Records,jpl-photojournal
ali.jones52@gmail.com,Study of Open Datasets,lactmed-09a41
raj.ahmed52@yahoo.com,Research on Federal Sources,lactmed-09a41
aiden.kowalski16@yahoo.com,Survey using Environmental Data,landsat-8
mia.thomas17@icloud.com,Analysis of Census Info,law-enforcement-agency-identifiers-crosswalk-series-c2ecb
emma.taylor39@gmail.com,Exploration of Energy Metrics,lbnl-fault-detection-and-diagnostics-datasets
mia.walker14@protonmail.com,Research on Transportation Data,level-iii-ecoregions-of-tennessee12
sofia.okonkwo99@icloud.com,ML Pipeline for National Trends,licensed-and-certified-healthcare-facility-listing-6e3f9
ava.taylor37@gmail.com,Benchmarking Transportation Data,lidar-point-cloud-usgs-national-map-3dep-downloadable-data-collection-7df4e
fatima.nkosi32@protonmail.com,Tracking Economic Indicators,list-of-excluded-individuals-and-entities
sofia.smith28@icloud.com,Dashboard for Energy Metrics,lost-found-adoptable-pets
emma.taylor39@gmail.com,Clustering Open Datasets,louisville-metro-ky-crime-data-2025
logan.williams65@protonmail.com,Clustering Environmental Data,louisville-metro-ky-inspection-results-food-service-establishments
sofia.garcia21@hotmail.com,Exploration of Census Info,louisville-metro-ky-inspection-results-food-service-establishments
ali.hassan60@protonmail.com,Forecasting Open Datasets,ltc-directory
zoe.smith85@gmail.com,ML Pipeline for Government Records,m-wbe-upcoming-procurement
ali.jackson94@gmail.com,Investigation into Health Records,maizegdb-52fdb
fatima.chen80@gmail.com,Study of Regional Statistics,market-share-reports
chloe.ahmed45@outlook.com,Analysis of Economic Indicators,mckinney-vento-act-performance-participation-and-funding-data
ali.hassan60@protonmail.com,Forecasting Open Datasets,medical-subject-headings-mesh-812b8
amara.lopez98@yahoo.com,Analysis of National Trends,medicare-geographic-variation-by-national-state-county-73ba6
emma.ali54@gmail.com,Modeling Open Datasets,medicare-geographic-variation-by-national-state-county-73ba6
diego.diallo82@gmail.com,Dashboard for Environmental Data,medicare-monthly-enrollment
mia.walker14@protonmail.com,Investigation into Health Records,medicare-part-d-3ab84
logan.williams1@gmail.com,Modeling Public Data,medicare-part-d-prescribers-by-provider-and-drug-ad73e
zoe.moreno11@outlook.com,Modeling Federal Sources,mental-health-care-in-the-last-4-weeks
ali.jones52@gmail.com,Study of Open Datasets,meteorite-landings
amara.jackson42@icloud.com,Analysis of Public Data,microplastics-data-collected-from-streams-in-the-northeastern-united-states-2017-2018-992ad
emma.dubois78@yahoo.com,Forecasting Census Info,midway-atoll-national-wildlife-refuge-hawaii
amara.lopez98@yahoo.com,Investigation into Health Records,military-bases-4294e
aiden.white96@outlook.com,Investigation into Federal Sources,military-installations-ranges-and-training-areas
ali.hassan60@protonmail.com,Forecasting Open Datasets,modified-retail-food-environment-index-d947d
ethan.williams60@icloud.com,ML Pipeline for Education Stats,monthly-motor-fuel-sales-tax-revenue-collection-by-state
leila.davis31@outlook.com,Classification of Education Stats,monthly-motor-fuel-sales-tax-revenue-collection-by-state
isabella.hassan9@protonmail.com,Dashboard for Climate Records,motor-vehicle-collisions-crashes
emma.dubois78@yahoo.com,Modeling Government Records,mta-bus-hourly-ridership-beginning-2025
mia.dubois81@icloud.com,Report on Climate Records,mta-bus-timepoints
jackson.taylor87@gmail.com,Tracking Environmental Data,mta-bus-wheelchair-ramp-lift-usage-beginning-2018
mia.walker14@protonmail.com,Investigation into Health Records,mta-colors
ali.hassan60@protonmail.com,Exploration of Transportation Data,mta-daily-ridership-data-beginning-2020
raj.patel12@protonmail.com,Report on Census Info,mta-subway-and-bus-lost-time-accidents-beginning-2021
ava.taylor86@hotmail.com,Investigation into Health Records,mta-subway-delay-causing-incidents-beginning-2025
ava.anderson36@outlook.com,Analysis of National Trends,mta-subway-major-incidents-beginning-2020
james.martin19@icloud.com,Exploration of Education Stats,mta-subway-stations
mia.dubois81@icloud.com,Investigation into National Trends,museum-visitors
mohamed.singh34@protonmail.com,Visualization of Health Records,national-agriculture-imagery-program-naip
mia.jackson30@gmail.com,Exploration of Health Records,national-agriculture-imagery-program-naip-imagery
fatima.chen80@gmail.com,Benchmarking Census Info,national-compensation-survey-144ec
aiden.park43@icloud.com,Study of Regional Statistics,national-database-of-childcare-costs-054fe
zoe.smith85@gmail.com,Tracking Public Data,national-fire-incident-reporting-system-nfirs
ali.park89@hotmail.com,Benchmarking Regional Statistics,national-geochemical-database-on-ore-deposits-legacy-data-ee909
emma.dubois78@yahoo.com,Benchmarking National Trends,national-greenhouse-gas-emission-inventory
chloe.ahmed45@outlook.com,Survey using Government Records,national-health-and-nutrition-examination-survey-nhanes-national-cardiovascular-disease-su
zoe.moreno11@outlook.com,Analysis of Transportation Data,national-health-and-nutrition-examination-survey-nhanes-national-cardiovascular-disease-su
jun.lee17@protonmail.com,Survey using Transportation Data,national-interagency-fire-occurrence-sixth-edition-1992-2020-feature-layer
ali.park89@hotmail.com,Exploration of Education Stats,national-inventory-of-dams-nid
chloe.ahmed45@outlook.com,Analysis of Economic Indicators,national-mental-health-services-survey-n-mhss-2010
raj.reyes25@gmail.com,Prediction Model for Government Records,national-missing-and-unidentified-persons-system-namus
ali.park89@hotmail.com,Benchmarking Regional Statistics,national-obesity-by-state-2094c
tariq.taylor1@yahoo.com,Dashboard for Government Records,national-park-service-trails
ali.lee15@hotmail.com,Benchmarking Climate Records,national-recommended-water-quality-criteria
sofia.white98@hotmail.com,Visualization of Open Datasets,national-register-of-historic-places-9d3f5
amara.kowalski26@gmail.com,Report on Federal Sources,national-school-lunch-program-monthly-data
sofia.white98@hotmail.com,Assessment of Open Datasets,national-stock-number-extract
ali.lee15@hotmail.com,Benchmarking Climate Records,national-survey-of-college-graduates
logan.williams1@gmail.com,Modeling Public Data,ncdc-international-best-track-archive-for-climate-stewardship-ibtracs-project-version-33
aiden.jones77@yahoo.com,Study of Regional Statistics,ncdc-storm-events-database3
aiden.jones77@yahoo.com,Dashboard for Field Data,ncei-wds-global-significant-earthquake-database-2150-bc-to-present1
lucas.williams54@hotmail.com,Survey using Field Data,nchs-injury-mortality-united-states
fatima.chen80@gmail.com,Study of Regional Statistics,nchs-leading-causes-of-death-united-states
oliver.dubois74@protonmail.com,Classification of Public Data,nenana-ice-classic-tanana-river-ice-annual-breakup-dates-version-2-3833c
ava.taylor86@hotmail.com,Tracking Census Info,nevi-2-corridor-groups-october-28-2025
amara.jackson42@icloud.com,Mapping Economic Indicators,new-market-tax-credits
ethan.williams60@icloud.com,Exploration of National Trends,new-market-tax-credits
fatima.nkosi32@protonmail.com,Tracking Economic Indicators,next-generation-simulation-ngsim-vehicle-trajectories-and-supporting-data
aiden.white96@outlook.com,Tracking Education Stats,nhis-adult-summary-health-statistics-b5ce9
ali.jackson94@gmail.com,Exploration of Economic Indicators,nist-its-90-thermocouple-database-srd-60-5a771
mei.park33@outlook.com,Survey using Open Datasets,nist-its-90-thermocouple-database-srd-60-5a771
sofia.garcia21@hotmail.com,Exploration of Census Info,nist-janaf-thermochemical-tables-srd-13-a59d1
chloe.ahmed45@outlook.com,ML Pipeline for Education Stats,nist-reference-fluid-thermodynamic-and-transport-properties-database-refprop-version-10-sr-bf7e2
isabella.martinez76@icloud.com,Dashboard for National Trends,nlrb-elections-19622009
carlos.muller30@protonmail.com,Analysis of Transportation Data,noaa-digital-coast-sea-level-rise-and-coastal-flooding-impacts-viewer1
amara.kowalski26@gmail.com,Exploration of Open Datasets,noaa-integrated-ocean-and-coastal-mapping-iocm-orthorectified-mosaic-image-tiles-for-select-coa
carlos.wilson74@yahoo.com,Research on Census Info,noaa-integrated-ocean-and-coastal-mapping-iocm-orthorectified-mosaic-image-tiles-for-select-coa
ali.hassan60@protonmail.com,Classification of Government Records,noaa-next-generation-radar-nexrad-products3
isabella.dubois47@hotmail.com,Investigation into Open Datasets,noaa-wds-paleoclimatology-climap-18k-database1
ali.martinez38@yahoo.com,Mapping Health Records,noise-data-20201
leila.davis31@outlook.com,Mapping Economic Indicators,non-detained-docket-population
diego.lee49@outlook.com,Prediction Model for Census Info,north-american-rail-network-lines-24470
emma.ali54@gmail.com,Analysis of Regional Statistics,nps-visitor-use-statistics-data-package-2024
ivan.dubois86@gmail.com,Benchmarking Federal Sources,nps-visitor-use-statistics-data-package-2024
leila.tanaka82@hotmail.com,Benchmarking National Trends,number-of-cancer-surgeries-volume-performed-in-california-hospitals-a3f18
ali.park89@hotmail.com,Clustering Regional Statistics,nyc-jobs
emma.dubois78@yahoo.com,Exploration of Energy Metrics,nyc-jobs
leila.tanaka82@hotmail.com,Investigation into Field Data,nyc-parks-public-events-upcoming-14-days
isabella.johnson75@protonmail.com,Visualization of Economic Indicators,nyc-stormwater-flood-maps
sofia.smith28@icloud.com,Analysis of Public Data,nypd-arrest-data-year-to-date
isabella.martinez76@icloud.com,Dashboard for National Trends,nyserda-new-york-offshore-wind-supply-chain-dataset
aiden.jones77@yahoo.com,Dashboard for Field Data,occupational-employment-and-wage-statistics-oews-4b4c4
isabella.dubois47@hotmail.com,Exploration of Open Datasets,occupational-information-network-onet-production-database-data-87f52
mia.thomas17@icloud.com,Modeling Transportation Data,onc-regional-extension-centers-rec-key-performance-indicators-kpis-by-grantee
ava.anderson36@outlook.com,Investigation into Economic Indicators,opportunity-zones-16322
isabella.martinez76@icloud.com,Study of Federal Sources,ormap-the-oregon-property-tax-map
sofia.white98@hotmail.com,Assessment of Open Datasets,osha-information-system-a0a2d
sara.martin51@icloud.com,Research on Census Info,per-capita-personal-income
isabella.martinez76@icloud.com,Dashboard for National Trends,personnel-trends-by-gender-race
fatima.chen80@gmail.com,Benchmarking Census Info,petroleum-data-prices-application-programming-interface-api
mia.jackson30@gmail.com,Classification of Regional Statistics,petroleum-other-liquids-data-and-statistics
mei.park33@outlook.com,Clustering Transportation Data,philadelphia-properties-and-assessment-history
logan.ali24@yahoo.com,Exploration of National Trends,pinniped-monitoring-for-the-nps-inventory-and-monitoring-san-francisco-bay-area-network-19-9d5e9
aiden.kowalski16@yahoo.com,Report on National Trends,places-county-data-gis-friendly-format-2020-release-4ae28
amara.nkosi17@icloud.com,Visualization of Environmental Data,places-local-data-for-better-health-county-data-2023-release
ali.hassan60@protonmail.com,Exploration of Transportation Data,places-local-data-for-better-health-zcta-data-2024-release
diego.williams8@outlook.com,ML Pipeline for Environmental Data,places-of-worship-7ecd7
leila.tanaka82@hotmail.com,ML Pipeline for Economic Indicators,police-incidents
amara.kowalski26@gmail.com,Research on Government Records,polychlorinated-biphenyls-pcb-transformer-registration-database-eddeb
mateo.brown98@outlook.com,Visualization of Transportation Data,polychlorinated-biphenyls-pcb-transformer-registration-database-eddeb
ali.jones52@gmail.com,Study of Open Datasets,power-outages-county
sofia.okonkwo99@icloud.com,Visualization of Regional Statistics,power-outages-zipcode
ali.park89@hotmail.com,Clustering Regional Statistics,prescription-drug-wholesale-acquisition-cost-wac-increases-76f5a
emma.taylor39@gmail.com,Exploration of Energy Metrics,prescription-drug-wholesale-acquisition-cost-wac-increases-76f5a
aiden.tanaka24@yahoo.com,Visualization of Government Records,prevailing-wage-program-historical-data
mei.ali9@icloud.com,Assessment of Education Stats,primary-land-use-tax-lot-output-map-mappluto
ava.anderson36@outlook.com,Classification of Open Datasets,product-data-for-newly-reported-drugs-in-the-medicaid-drug-rebate-program-03-02-2026-to-08
ethan.williams60@icloud.com,Exploration of National Trends,protected-areas-database-of-the-united-states-pad-us-faa82
fatima.chen80@gmail.com,Study of Education Stats,provisional-covid-19-death-counts-by-week-ending-date-and-state
chloe.ahmed45@outlook.com,Survey using Government Records,provisional-covid-19-death-counts-rates-and-percent-of-total-deaths-by-jurisdiction-of-res
ali.park89@hotmail.com,Benchmarking Regional Statistics,provisional-drug-overdose-death-counts-for-specific-drugs
logan.williams1@gmail.com,Classification of National Trends,public-housing-physical-inspection-scores
mia.wilson12@gmail.com,Classification of Regional Statistics,public-land-survey-system-townships-feature-layer-a1c79
jackson.muller14@gmail.com,Prediction Model for Health Records,public-school-locations-2021-22-5a116
wei.muller27@outlook.com,Report on Transportation Data,public-school-locations-current-23297
amara.jackson42@icloud.com,Mapping Economic Indicators,public-use-linked-mortality-files
jun.lee17@protonmail.com,Research on National Trends,pubmed-central-open-access-subset-pmc-oa
jackson.davis60@hotmail.com,Classification of Public Data,pv-rooftop-dataset
zoe.moreno11@outlook.com,Classification of Education Stats,pv-rooftop-dataset
ethan.williams60@icloud.com,Exploration of National Trends,pvwatts-calculator-4ecb0
amara.kowalski26@gmail.com,Report on Federal Sources,quarterly-foia-report-0da4b
ava.taylor37@gmail.com,Investigation into Government Records,rare-earth-element-occurrences-in-the-united-states-e0fa2
mia.dubois81@icloud.com,Report on Climate Records,rare-earth-element-occurrences-in-the-united-states-e0fa2
chloe.ahmed45@outlook.com,ML Pipeline for Education Stats,real-time-profile-data-assembled-by-fisheries-and-oceans-canada-dfo-for-the-global-temper-10-041
zoe.moreno11@outlook.com,Forecasting Education Stats,real-world-fuel-efficiency
logan.walker67@outlook.com,Analysis of Energy Metrics,recidivism-beginning-2008
jun.lee17@protonmail.com,Research on National Trends,redlining-maps-from-the-home-owners-loan-corporation-1937
mei.park33@outlook.com,Dashboard for Public Data,registered-farm-labor-contractor-listing-5cd50
oliver.dubois74@protonmail.com,Tracking Federal Sources,renewable-and-alternative-fuels-data-and-statistics
aiden.jones77@yahoo.com,Dashboard for Field Data,report-card-wakids-2022-23-school-year
leila.kim48@icloud.com,Forecasting National Trends,resident-assessment-instrument-minimum-data-set-rai-mds
ava.anderson19@protonmail.com,ML Pipeline for Field Data,restaurant-and-market-health-inspections
emma.taylor39@gmail.com,Tracking National Trends,restaurant-and-market-health-inspections
mia.walker14@protonmail.com,Research on Transportation Data,restaurant-and-market-health-inspections
jackson.davis60@hotmail.com,Classification of Public Data,revoked-medicare-providers-and-suppliers
aiden.tanaka24@yahoo.com,Modeling Census Info,rocky-mountain-national-park-trail-gis-dataset-b1e31
amara.jackson42@icloud.com,ML Pipeline for Census Info,rxnav
amara.nkosi17@icloud.com,Tracking Energy Metrics,safe-drinking-water-information-system-sdwis
ava.taylor86@hotmail.com,Audit of Energy Metrics,safer-company-snapshot
mason.singh73@yahoo.com,Investigation into Health Records,sample-purchasing-supply-chain-data
lucas.williams54@hotmail.com,Survey using Field Data,san-francisco-ai-use-inventory-chapter-22j
aiden.white96@outlook.com,Tracking Education Stats,sanctsound-raw-passive-acoustic-data
mason.taylor21@yahoo.com,Audit of Field Data,satellite-observations-of-arctic-change-version-1-da2ec
ali.jackson94@gmail.com,Forecasting Regional Statistics,schedule-of-equipment-rates
diego.diallo82@gmail.com,Dashboard for Environmental Data,school-district-characteristics-2020-21-e2aa2
mateo.diallo28@outlook.com,Assessment of National Trends,school-district-characteristics-current-4aa03
sara.martin51@icloud.com,Classification of Climate Records,school-year-2021-2022-statewide-accountability-ratings-as-of-february-6-2023
logan.lopez1@outlook.com,Assessment of Transportation Data,seismic-water-bottom-anomalies
aiden.white96@outlook.com,Tracking Education Stats,shifts-in-u-s-merchandise-trade-2018-companion-dataset
diego.diallo82@gmail.com,Assessment of Field Data,shifts-in-u-s-merchandise-trade-2018-companion-dataset
nina.thomas44@yahoo.com,Survey using Public Data,shot-spotter-gun-shots
ali.lee15@hotmail.com,Forecasting Environmental Data,smart-location-database8
raj.patel12@protonmail.com,Visualization of Education Stats,snowpack-telemetry-network-snotel
sofia.williams99@protonmail.com,Prediction Model for Federal Sources,social-media-channels-and-statistics-at-the-national-archives
ava.taylor86@hotmail.com,Audit of Energy Metrics,standard-administrative-code-sac-index
diego.diallo82@gmail.com,Benchmarking Federal Sources,state-crash-data
logan.williams1@gmail.com,Prediction Model for Field Data,state-of-new-york-mortgage-agency-sonyma-target-areas-by-census-tract
mia.thomas17@icloud.com,Survey using Climate Records,statewide-hybrid-workforce
leila.davis31@outlook.com,Mapping Economic Indicators,student-enrollment-2013-14-school-year
isabella.hassan9@protonmail.com,Prediction Model for Transportation Data,subcontracting-directory-for-small-businesses
mia.dubois81@icloud.com,Survey using National Trends,subcontracting-directory-for-small-businesses
ethan.williams60@icloud.com,Modeling National Trends,sugar-sweetened-beverage-consumption-in-california-residents-69c65
zoe.reyes37@hotmail.com,Analysis of Regional Statistics,summary-metrics-by-exchange
zoe.moreno11@outlook.com,Forecasting Education Stats,superior-court-clerk-records-access-portal
sofia.tanaka97@outlook.com,Analysis of Public Data,supply-chain-ghg-emission-factors-for-us-commodities-and-industries-v1-1
leila.davis31@outlook.com,Benchmarking Education Stats,supply-chain-greenhouse-gas-emission-factors-v1-3-by-naics-6
ali.martinez38@yahoo.com,Mapping Health Records,survey-of-public-participation-in-the-arts-sppa
sofia.white98@hotmail.com,Assessment of Open Datasets,t-100-domestic-market-and-segment-data1
leila.davis31@outlook.com,Research on Climate Records,tax-increment-financing-tif-annual-report-analysis-of-special-tax-allocation-fund
amara.kowalski26@gmail.com,Research on Government Records,taxi-trips-8c270
mohamed.singh34@protonmail.com,Mapping Open Datasets,taxi-trips-in-2025
sofia.garcia21@hotmail.com,Exploration of Census Info,taxi-trips-in-2025
mason.singh73@yahoo.com,Dashboard for Regional Statistics,telemedicine-use-in-the-last-4-weeks-5229c
sofia.smith28@icloud.com,Dashboard for Energy Metrics,telemedicine-use-in-the-last-4-weeks-5229c
jun.lee17@protonmail.com,Prediction Model for Environmental Data,the-epa-automotive-trends-report-greenhouse-gas-emissions-fuel-economy-and-technology-sinc
amara.kowalski26@gmail.com,Audit of Census Info,the-national-artificial-intelligence-research-and-development-strategic-plan
mei.park33@outlook.com,Clustering Transportation Data,thermodata-engine-free-public-version
oliver.dubois74@protonmail.com,Classification of Public Data,third-generation-simulation-data-tgsim-foggy-bottom-trajectories
sofia.white98@hotmail.com,Assessment of Open Datasets,third-generation-simulation-data-tgsim-foggy-bottom-trajectories
isabella.hassan9@protonmail.com,Prediction Model for Transportation Data,tiger-line-shapefile-2019-nation-u-s-rails-national-shapefile
ethan.williams60@icloud.com,Exploration of National Trends,tiger-line-shapefile-2022-nation-u-s-2020-census-5-digit-zip-code-tabulation-area-zcta5
zoe.smith85@gmail.com,Tracking Public Data,tiger-line-shapefile-2022-nation-u-s-military-installation
leila.kim48@icloud.com,Forecasting National Trends,tiger-line-shapefile-2022-state-alaska-ak-census-tract
logan.williams1@gmail.com,Classification of National Trends,tiger-line-shapefile-2022-state-alaska-ak-census-tract
diego.diallo82@gmail.com,Dashboard for Environmental Data,tiger-line-shapefile-2022-state-new-mexico-nm-county-subdivision
mateo.diallo28@outlook.com,Assessment of National Trends,tiger-line-shapefile-2022-state-puerto-rico-pr-county-subdivision
lucas.williams54@hotmail.com,Research on Open Datasets,tiger-line-shapefile-2022-state-texas-tx-census-tract
emma.dubois78@yahoo.com,Benchmarking National Trends,tiger-line-shapefile-2023-state-north-carolina-primary-and-secondary-roads
tariq.taylor1@yahoo.com,Dashboard for Government Records,tiger-line-shapefile-current-nation-u-s-2020-census-5-digit-zip-code-tabulation-area-zcta5
diego.diallo82@gmail.com,Dashboard for Environmental Data,tiger-line-shapefile-current-nation-u-s-state-and-equivalent-entities
leila.kim48@icloud.com,Forecasting National Trends,tiger-line-shapefile-current-state-florida-county-subdivision
aiden.park43@icloud.com,Study of Regional Statistics,tiger-line-shapefile-current-state-illinois-block-group
ava.taylor37@gmail.com,Forecasting Open Datasets,tiger-line-shapefile-current-state-illinois-census-tract
ali.hassan60@protonmail.com,Classification of Government Records,tiger-line-shapefile-current-state-illinois-place
aiden.kowalski16@yahoo.com,Report on National Trends,time-series-economic-indicators-time-series-advance-monthly-sales-for-retail-and-food-serv
ali.martinez38@yahoo.com,Forecasting Climate Records,total-tonnage-foreign-and-domestic-of-commodites-carried-on-commercial-waterways
ali.jackson94@gmail.com,Forecasting Regional Statistics,total-tonnage-of-commodites-carried-on-commercial-waterways-by-traffic-type
amara.jackson42@icloud.com,Mapping Economic Indicators,traciv2-1-for-fedeflv1
isabella.martinez76@icloud.com,Research on National Trends,trademark-status-and-document-retrieval-tsdr-api-beta
emma.ali54@gmail.com,Analysis of Regional Statistics,traffic-collision-data-from-2010-to-present
fatima.chen80@gmail.com,Benchmarking Census Info,traffic-crashes-vehicles
carlos.wilson74@yahoo.com,Research on Census Info,trails-of-yellowstone-national-park-59ae7
ethan.williams60@icloud.com,Modeling National Trends,transportation-economic-trends-tet-data
isabella.hassan9@protonmail.com,Dashboard for Climate Records,transportation-economic-trends-value-of-transportation-capital-stock
emma.ali54@gmail.com,Analysis of Regional Statistics,tungsten-deposits-in-the-united-states-ver-2-0-august-2020-3452b
ava.brown5@outlook.com,Survey using Field Data,u-s-active-duty-military-deaths-since-1-jan-2001
jackson.taylor87@gmail.com,Tracking Environmental Data,u-s-aluminum-import-monitor-b6db1
sofia.tanaka97@outlook.com,Classification of Government Records,u-s-billion-dollar-weather-and-climate-disasters-1980-present-ncei-accession-02092681
zoe.moreno11@outlook.com,Analysis of Transportation Data,u-s-billion-dollar-weather-and-climate-disasters-1980-present-ncei-accession-02092681
chloe.ahmed45@outlook.com,Mapping Environmental Data,u-s-climate-risk-projections-by-county-2040-2049
mia.dubois81@icloud.com,Report on Climate Records,u-s-crude-oil-natural-gas-and-natural-gas-liquids-reserves
amara.kowalski26@gmail.com,Forecasting Health Records,u-s-food-imports
logan.williams1@gmail.com,Assessment of Transportation Data,u-s-food-imports
zoe.smith85@gmail.com,ML Pipeline for Government Records,u-s-geological-survey-aerial-photography
amara.kowalski26@gmail.com,Forecasting Health Records,u-s-level-iii-and-iv-ecoregions-u-s-epa10
logan.williams1@gmail.com,Assessment of Transportation Data,u-s-local-climatological-data-lcd3
mason.singh73@yahoo.com,Dashboard for Regional Statistics,u-s-solar-siting-regulation-and-zoning-ordinances-2025
ali.jackson94@gmail.com,Investigation into Health Records,uniform-commercial-code-ucc-lien-filings-rev3-2020
amara.kowalski26@gmail.com,Exploration of Open Datasets,uniform-commercial-code-ucc-lien-filings-rev3-2020
aiden.white96@outlook.com,Analysis of Census Info,uniform-crime-reporting-program-data-series-16edb
ali.lee15@hotmail.com,Forecasting Health Records,united-states-stateplane-zones-nad83
jun.lee17@protonmail.com,Prediction Model for Environmental Data,universities-and-colleges
jun.lee17@protonmail.com,Survey using Transportation Data,uranium-location-database
logan.williams1@gmail.com,Assessment of Transportation Data,us-forest-atlas-fia-modeled-abundance-forest-type-groups-harvest-and-carbon-rest-services--8c654
emma.taylor39@gmail.com,Exploration of Energy Metrics,usa-structures-4749e
aiden.brown40@protonmail.com,Modeling Government Records,usaspending-gov-federal-award-subaward-and-account-data
ava.anderson19@protonmail.com,Report on Transportation Data,usda-database-for-the-flavonoid-content-of-selected-foods-release-3-3-march-2018-7be7a
ivan.nkosi21@icloud.com,Study of Climate Records,usda-national-fluoride-database-of-selected-beverages-and-foods-release-2-2005-4ff15
amara.nkosi17@icloud.com,Analysis of Education Stats,usda-nutrient-data-set-for-retail-meat-cuts-beef-lamb-pork-and-veal-9c719
ali.lee15@hotmail.com,Benchmarking Climate Records,usda-rural-development-single-family-section-502-direct-active-loans-by-county
mason.taylor21@yahoo.com,Audit of Field Data,usda-table-of-nutrient-retention-factors-release-6-2007-1b152
ali.lee15@hotmail.com,Clustering Federal Sources,useeio-models-with-import-emission-factors-for-greenhouse-gases-for-2017-2022-from-exiobas
amara.kowalski26@gmail.com,Exploration of Open Datasets,usepa-environmental-quality-index-eqi-air-water-land-built-and-sociodemographic-domains-non-tra20
isabella.dubois47@hotmail.com,Audit of Census Info,usepa-environmental-quality-index-eqi-air-water-land-built-and-sociodemographic-domains-non-tra20
isabella.hassan9@protonmail.com,Modeling Census Info,usepa-environmental-quality-index-eqi-air-water-land-built-and-sociodemographic-domains-non-tra20
logan.williams1@gmail.com,Modeling Public Data,usgs-1-meter-digital-elevation-model
aiden.park43@icloud.com,Mapping National Trends,utah-forge-well-16a78-32-drilling-data-868c2
tariq.taylor1@yahoo.com,Tracking Education Stats,v-safe-covid-19
raj.patel12@protonmail.com,Visualization of Education Stats,vacant-property-indicators
fatima.chen80@gmail.com,Study of Transportation Data,vega1-halley-flyby-magnetometer-data-932ef
aiden.jones77@yahoo.com,Visualization of Regional Statistics,vehicle-fuel-economy
ivan.nkosi21@icloud.com,Study of Climate Records,vehicle-fuel-economy
mia.thomas17@icloud.com,Analysis of Census Info,vehicle-registrations-by-class-and-county
liam.rossi65@hotmail.com,Mapping National Trends,vha-support-service-center-capital-assets-vssc
aiden.white96@outlook.com,Investigation into Federal Sources,violent-crime-property-crime-by-county-1975-to-present
amara.kowalski26@gmail.com,Exploration of Open Datasets,voter-election-registration-and-turnout
mohamed.singh34@protonmail.com,Visualization of Health Records,voter-registration-f2e6b
mei.park33@outlook.com,Survey using Open Datasets,water-quality-data-1367b
isabella.hassan9@protonmail.com,Prediction Model for Transportation Data,wave-14-survey-of-income-and-program-participation-2008-panel-core
aiden.white96@outlook.com,Analysis of Census Info,wavewatch-iii-ww3-global-wave-model
chloe.ahmed45@outlook.com,Mapping Environmental Data,work-schedules-and-sleep-patterns-of-railroad-employees
laura.ali47@yahoo.com,Investigation into Health Records,world-magnetic-model-high-resolution-20251
aiden.jones77@yahoo.com,Visualization of Regional Statistics,www-fueleconomy-gov
mateo.brown98@outlook.com,Visualization of Transportation Data,www-fueleconomy-gov
